"filename","name","qty","sku",corrected_qty
"20190107_034301_T_1600051627.jpg","Picnic Bak & braad vloeibaar culinair","10","11700489",
"20190107_072005_T_3600004498.jpg","Merkloos Shanghai paksoi","3","11746510",
"20190107_022357_T_3600025119.jpg","Picnic Gerookte kipfilet","3","10254911",
"20190107_065157_T_32017965.jpg","Heemskerk Prei fijn","9","10075913",
"20190107_015956_T_1600044943.jpg","'t Slagershuys Kipfilet in blokjes","10","11763456",
"20190108_051110_T_1600038929.jpg","Friethoes Verse friet","2","11743339",
"20190116_021748_T_1600009650.jpg","'t Slagershuys Bio shoarmareepjes","7","10291907",
"20190107_013050_T_3600005327.jpg","Picnic Volle melk","4","11470272",
"20190107_012813_T_1600012114.jpg","Optimel Probiotica drinkyoghurt perzik sinaasappel","6","12161528",
"20190103_081756_T_12019088.jpg","Picnic Salami","9","10576366",
"20190107_042409_T_32002997.jpg","Heemskerk Japanse wokgroenten","8","10075901",
"20190107_041809_T_1600001499.jpg","Campina Halfvolle yoghurt","6","11292577",
"20190116_025418_T_3600026705.jpg","Heemskerk Champignons roerbakgroenten","7","10074855",
"20190107_013152_T_3600001424.jpg","Picnic Volle kwark","10","11971072",
"20190107_013803_T_32003846.jpg","'t Slagershuys Rundergehakt","9","10281919",
"20190107_014022_T_32018707.jpg","Heemskerk Gemengde salade","6","11817388",
"20190107_055422_T_3600000770.jpg","Picnic Goudse jong 48+ plakken","9","12094587",
"20190107_071546_T_1600027852.jpg","Merkloos Baby avocado's eetrijp","8","11406433",
"20190107_034315_T_3600021533.jpg","Optimel Protein drinkyoghurt aardbei banaan","8","12050443",
"20190107_034519_T_32022629.jpg","Heemskerk Zoete aardappelblokjes","5","11463862",
"20190107_042742_T_3600021740.jpg","Vischmeesters Zalmfilet zonder huid","4","11812234",
"20190107_041641_T_3600054948.jpg","Almhof Halfvolle fruityoghurt kers","7","10765755",6
"20190107_064643_T_32006357.jpg","Merkloos Paddenstoelenmix","4","11389530",
"20190107_071644_T_3600029610.jpg","Heemskerk Verspakket gado gado","8","12039050",
"20190107_033116_T_12000729.jpg","Merkloos Hollandse krieltjes","4","10074662",
"20190107_053828_T_3600045343.jpg","Picnic Halfvolle vanilleyoghurt","7","11479759",
"20190107_072230_T_1600001163.jpg","'t Slagershuys Kipfilets","1","11716773",4
"20190107_054332_T_1600036350.jpg","Heemskerk Kapsalon met kip verspakket","4","11999046",
"20190116_021028_T_1600019882.jpg","Arla Lactofree yoghurt Griekse stijl","6","11801325",
"20190103_083632_T_1600021244.jpg","De Kroes Boerenkoolstamppot met rookworst","4","90000704",
"20190103_082341_T_1600036240.jpg","Picnic Bio yoghurt Griekse stijl","9","11714243",
"20190107_013944_T_1600026759.jpg","Tante Fanny Pizzadeeg met saus","1","10760225",
"20190107_031250_T_1600013281.jpg","Merkloos Rode kool","5","90006109",
"20190107_031923_T_32017316.jpg","Heemskerk Wortel julienne","7","10075055",
"20190107_042451_T_12003343.jpg","Heemskerk Macaroni & spaghettigroenten","8","12121966",
"20190107_081355_T_3600004704.jpg","Picnic Smeerkaas naturel 48+","4","11936994",
"20190107_035247_T_3600004735.jpg","Merkloos Aardbeien","1","10075943",4
"20190116_025109_T_32008736.jpg","Heemskerk Ijsbergsla melange","8","10075971",
"20190107_022112_T_32002397.jpg","Heemskerk Boerenkool fijn","7","10074853",
"20190107_032715_T_12017897.jpg","Heemskerk Ijsbergsla","6","11299179",
"20190107_073004_T_1600030027.jpg","Optimel Drinkyoghurt banaan 0% vet","3","11326121",
"20190107_033556_T_12002693.jpg","'t Slagershuys Shoarmareepjes","3","10286078",
"20190107_031535_T_12018935.jpg","Heemskerk Andijvie fijn","7","10075937",
"20190107_055332_T_3600053441.jpg","'t Slagershuys Kipgehakt","3","11716292",
"20190107_025622_T_3600052602.jpg","Merkloos Munt","1","10074799",2
"20190107_043254_T_1600033587.jpg","Picnic Bio karnemelk","9","11478359",
"20190107_025944_T_1600012636.jpg","Merkloos Bio avocado's","4","90006001",
"20190107_031431_T_12000638.jpg","Merkloos Sla tricolor","3","11299997",
"20190103_083712_T_1600048192.jpg","'t Slagershuys Kipdrummets","4","11716304",
"20190107_021330_T_32000734.jpg","Merkloos Kruimige aardappelen","2","11296532",4
"20190107_031538_T_1600055209.jpg","Campina Yoghurt Griekse stijl 10% vet","6","11421515",
"20190116_025605_T_1600012302.jpg","Maza Hoemoes naturel","1","10761152",2
"20190116_023343_T_12025342.jpg","Picnic Snijworst","8","10164944",
"20190107_013833_T_3600020052.jpg","Picnic Geraspte pittige kaas 48+","8","12121958",
"20190107_032907_T_3600030582.jpg","'t Slagershuys Bio kipfilet blokjes","6","11818116",
"20190107_072700_T_3600014674.jpg","Merkloos Avocado's","7","11299275",
"20190103_081940_T_1600003856.jpg","Picnic Slagroom spuitbus","7","12068879",
"20190107_062854_T_3600054567.jpg","Merkloos Tijm","7","10074787",
"20190107_031428_T_12003846.jpg","'t Slagershuys Rundergehakt","1","10281919",2
"20190103_080544_T_1600046109.jpg","Picnic Crèmepaté","7","11960242",
"20190107_031935_T_3600051315.jpg","CêlaVita Mini krieltjes","7","11835897",
"20190116_020120_T_3600035416.jpg","Heemskerk Bio rucola","1","11419521",
"20190103_081527_T_3600005377.jpg","Picnic Geraspte jong belegen kaas 48+","3","11695484",
"20190116_022537_T_12014374.jpg","Merkloos Sla tricolor","2","11299997",
"20190103_081325_T_3600056580.jpg","Picnic Ongezouten roomboter in kuipje","6","11768790",
"20190107_061950_T_3600014537.jpg","Galbani Mozzarella di bufala","8","10760159",
"20190107_070100_T_1600018798.jpg","Merkloos Dille","9","10074798",
"20190107_013128_T_3600023673.jpg","Merkloos Koriander","9","10074786",
"20190108_044842_T_3600005078.jpg","'t Slagershuys Kiphaasjes","5","11716285",
"20190107_042818_T_3600030027.jpg","Optimel Drinkyoghurt banaan 0% vet","7","11326121",
"20190107_021524_T_3600047077.jpg","Heemskerk Groene salade witlof appel","1","11413892",
"20190116_022112_T_1600048677.jpg","Tante Fanny Vers bladerdeeg","8","12095372",9
"20190107_063627_T_1600023961.jpg","Campina Magere milde kwark naturel","6","11421441",
"20190107_040821_T_3600025023.jpg","Picnic Jong belegen 48+ stuk voordeel","9","12111632",
"20190107_071751_T_12017965.jpg","Heemskerk Prei fijn","6","10075913",
"20190116_025341_T_1600038456.jpg","Picnic Cottage cheese 20%","7","12049896",
"20190107_063127_T_3600008977.jpg","Merkloos Groene asperges","7","90006022",
"20190107_020010_T_12002245.jpg","'t Slagershuys Gemengd gehakt","3","10281999",
"20190107_044950_T_12022054.jpg","Heemskerk Rucolamelange","5","10075929",
"20190107_054119_T_1600023235.jpg","Heemskerk Gele wortel nasi","1","11706929",
"20190107_073252_T_1600049158.jpg","Vegetarische Slager Vega boterhamworst","1","10241849",2
"20190107_045853_T_1600027560.jpg","'t Slagershuys Iers rundergehakt","1","12154475",2
"20190116_030037_T_1600046305.jpg","Campina Dubbelvla choco-vanille","1","11937369",2
"20190103_082327_T_32006099.jpg","Merkloos Waspeen","6","90006095",
"20190107_051048_T_1600026391.jpg","Vischmeesters Kabeljauwhaas","9","11829912",
"20190107_062136_T_32001154.jpg","Merkloos Bloedsinaasappels","7","11697305",
"20190103_080503_T_12021754.jpg","Merkloos Mini krieltjes","10","11296552",
"20190107_030542_T_12021552.jpg","'t Slagershuys Gemengd gehakt","5","10281998",
"20190107_065652_T_3600036400.jpg","Merkloos Jonagold appels","4","90006048",
"20190108_050935_T_3600054373.jpg","Merkloos Radijs","1","10697318",2
"20190107_034212_T_1600027068.jpg","Merkloos Bleekselderij","9","11741150",
"20190107_044458_T_3600048844.jpg","Picnic Carpaccio","5","10742686",
"20190116_033129_T_1600006508.jpg","Merkloos Mini krieltjes met bistro kruiden","5","10074666",
"20190107_035626_T_3600017468.jpg","Garden Gourmet Vega burger deluxe mini","4","90000650",
"20190107_071657_T_12002227.jpg","Heemskerk Jonge bladsla met rucola","10","11791928",
"20190107_041904_T_12000014.jpg","Merkloos Bio prei","10","12121040",
"20190107_072232_T_3600057182.jpg","Old Amsterdam Oude kaas","7","10768533",
"20190107_023546_T_3600038955.jpg","Optimel Drinkyoghurt aardbei kers 0% vet","7","10764931",
"20190116_032913_T_1600009344.jpg","Galbani Mozzarella di bufala","1","10760159",0
"20190107_035723_T_3600056194.jpg","Arla Bio volle yoghurt","1","11283360",2
"20190107_031031_T_3600018479.jpg","Picnic Yoghurt griekse stijl 2% vet","1","12077488",2
"20190107_070551_T_32022743.jpg","'t Slagershuys Slavinken","5","10289008",
"20190103_083551_T_1600038341.jpg","Friethoes Verse friet","5","11743339",
"20190107_012932_T_32003598.jpg","'t Slagershuys Rundergehakt","9","10281918",
"20190107_035823_T_32018953.jpg","Merkloos Bio babyspinazie","7","11383720",
"20190107_031210_T_12019103.jpg","Merkloos Paddenstoelenmix pasta","8","11716323",
"20190107_062801_T_12019372.jpg","Merkloos Oesterzwammen","5","10557048",
"20190107_022204_T_12002220.jpg","Heemskerk Gebroken sperziebonen","5","11790682",
"20190103_083315_T_1600047332.jpg","Picnic Vanillevla","10","11479754",
"20190107_073046_T_12002515.jpg","Merkloos Bio kastanjechampignons","3","90006007",
"20190107_054433_T_12003018.jpg","Heemskerk Gebroken sperziebonen","7","11299400",
"20190107_050311_T_3600037470.jpg","Jan Roomboterbladerdeeg","2","11765450",4
"20190107_063658_T_1600058965.jpg","'t Slagershuys Italiaanse braadworstjes","8","12050647",7
"20190107_044319_T_32022871.jpg","Merkloos Bio appels","4","90006135",
"20190107_043930_T_32019277.jpg","Merkloos Kastanjechampignons","9","10558988",
"20190107_064823_T_32022955.jpg","Merkloos Stevige winterpeen","8","10462008",
"20190107_032432_T_3600029729.jpg","'t Slagershuys Duitse biefstuk","2","11429666",
"20190107_042000_T_1600021197.jpg","'t Slagershuys Bio spekreepjes","9","11472967",
"20190107_025132_T_3600018690.jpg","Picnic Magere yoghurt","10","11480037",
"20190103_082029_T_12003487.jpg","Merkloos Handsinaasappels","1","10561634",
"20190107_031647_T_1600048579.jpg","Arla Skyr naturel","5","11383197",
"20190107_050826_T_3600033808.jpg","Picnic Verse tempeh","5","12076836",4
"20190116_025603_T_32002492.jpg","Heemskerk Japanse wokgroenten","5","10075901",
"20190116_021931_T_12016990.jpg","Heemskerk Italiaanse plaatpizza verspakket","8","11429410",
"20190107_032636_T_3600055719.jpg","Almhof Yoghurt Griekse stijl 10% vet","6","10762299",
"20190116_020004_T_12006165.jpg","Heemskerk Groene salade Italiaans","8","10075993",
"20190107_014707_T_1600009295.jpg","Merkloos Dragon","1","10074876",2
"20190107_022339_T_3600003686.jpg","Heemskerk Veldsla","6","11791925",
"20190107_031830_T_3600010972.jpg","Picnic Halfvolle melk","10","11470291",
"20190107_014141_T_32004627.jpg","Heemskerk Ijsbergsla","6","10075995",
"20190107_034436_T_1600047434.jpg","Yakult Original","9","10959778",
"20190107_064139_T_3600009179.jpg","Zandvliet Scharrelkip in reepjes","10","11404412",
"20190107_013503_T_1600010497.jpg","CêlaVita Oma's opbakaardappelen","4","11835899",
"20190107_043320_T_12000086.jpg","Heemskerk Groene salade caesar","8","10075988",
"20190107_015007_T_3600057377.jpg","Merkloos Conference peren","9","90006051",
"20190107_020941_T_12002674.jpg","Merkloos Elstar appels","8","11298357",
"20190107_030021_T_1600007013.jpg","Smaaktalenten Quiche spinazie, mozzarella, courgette & tomaat","1","11399893",2
"20190107_032649_T_1600011565.jpg","Campina Botergoud ongezouten roomboter","5","10005358",
"20190116_022951_T_32002561.jpg","Heemskerk Hutspotgroenten","6","10075970",
"20190107_035822_T_3600010015.jpg","Qizini Panini prosciutto","7","10768346",3
"20190107_030354_T_1600032927.jpg","Salakis Halloumi","8","11757203",
"20190107_042038_T_12003854.jpg","Merkloos Bio witte champignons","4","11462296",
"20190107_075911_T_1600001856.jpg","Heemskerk Spruiten geschoond","4","10075926",
"20190107_050708_T_1600031684.jpg","Optimel Drinkyoghurt sinaasappel aardbei","10","12123151",
"20190107_041600_T_3600037756.jpg","Superieur Gegrilde beenham","8","10254954",
"20190107_034718_T_1600004486.jpg","Heemskerk Ui fijngesnipperd","5","10075922",
"20190107_020023_T_3600003598.jpg","De Kaaskamer Extra belegen kaas 48+","5","10761826",4
"20190116_023605_T_3600045802.jpg","Bakkerij Gorka Verse mini Turkse pizza","9","12048467",
"20190107_013529_T_32003269.jpg","Merkloos Botersla","4","10468098",
"20190107_020028_T_1600001424.jpg","Picnic Volle kwark","7","11971072",
"20190107_065546_T_3600060500.jpg","'t Slagershuys Schouderkarbonades","3","10286008",
"20190107_050541_T_32025557.jpg","Heemskerk Jonge bladsla met veldsla","10","11791931",
"20190107_063319_T_1600027252.jpg","Parrano Originale strooikaas","1","11477596",2
"20190107_033727_T_12025322.jpg","Merkloos Blauwe bessen","1","11299303",2
"20190107_022111_T_1600022439.jpg","Picnic Bio halfvolle melk","5","11478313",
"20190107_041459_T_3600035255.jpg","Arla Bio halfvolle yoghurt mild","1","10762125",2
"20190116_025550_T_3600051581.jpg","Merkloos Aardbeien","7","10075943",
"20190107_065003_T_32016274.jpg","Picnic Ontbijtspek","3","10164927",
"20190107_030853_T_32017376.jpg","Merkloos Paddenstoelenmix pasta","1","11716323",3
"20190107_055323_T_1600025867.jpg","Blue Band Halvarine","9","10989928",
"20190107_063958_T_1600025896.jpg","Picnic Bio medjoul dadels","6","11833549",
"20190107_015023_T_1600054269.jpg","'t Slagershuys Bio rundergehakt mager","7","11294414",6
"20190107_035034_T_1600030663.jpg","'t Slagershuys Kipschnitzels","1","11718459",2
"20190107_063550_T_1600008958.jpg","Campina Halfvolle melk","8","10698378",
"20190116_022540_T_12017855.jpg","'t Slagershuys Shoarmareepjes","10","10286078",
"20190107_054117_T_3600001838.jpg","Picnic Volle yoghurt","6","11479741",
"20190107_072617_T_3600028838.jpg","Merkloos Bio avocado's","8","90006001",
"20190103_083653_T_3600033602.jpg","Campina Yoghurt Griekse stijl 10% vet","9","11421515",
"20190107_014942_T_1600023278.jpg","Picnic Kipcervelaat","1","10254073",
"20190107_070511_T_3600021197.jpg","'t Slagershuys Bio spekreepjes","5","11472967",
"20190107_035524_T_32022687.jpg","Heemskerk Ovengroenten spruiten-pompoen","7","11390411",
"20190116_032155_T_3600053549.jpg","Bakkerij Gorka Verse turkse pizza vegan","7","12048468",
"20190107_042338_T_1600014851.jpg","Garden Gourmet Falafel spicy","1","11292043",
"20190116_022940_T_1600036618.jpg","Arla Halfvolle yoghurt lactofree","8","10761177",
"20190103_081920_T_12003470.jpg","Zespri Kiwi's green","6","90006078",
"20190107_063137_T_1600052998.jpg","'t Slagershuys Kiphaasjes","4","11716285",3
"20190103_082349_T_1600056580.jpg","Picnic Ongezouten roomboter in kuipje","5","11768790",
"20190103_083530_T_12004609.jpg","'t Slagershuys Gemengd gehakt","10","11628521",
"20190107_060717_T_1600053646.jpg","Beyond Meat Vegan balletjes","2","11474167",1
"20190107_032431_T_3600028764.jpg","Picnic Gerookte-kipsalade","6","10760882",
"20190107_015421_T_3600026194.jpg","Valess Gouda kaasschnitzel","5","10272908",
"20190107_032404_T_1600053428.jpg","Picnic Halvarine","6","12107782",2
"20190107_041119_T_3600035625.jpg","De Kaaskamer Oude kaas 48+","1","10761827",
"20190107_025806_T_1600022439.jpg","Picnic Bio halfvolle melk","3","11478313",
"20190107_030532_T_3600047913.jpg","'t Slagershuys Kipdijreepjes kebab","9","11800891",
"20190107_022400_T_32013936.jpg","Zespri Kiwi's green","1","90006078",2
"20190107_013946_T_1600005460.jpg","Babybel Mini kaas","7","10760236",6
"20190116_022412_T_32017214.jpg","Merkloos Kastanjechampignons gesneden","3","10074882",
"20190107_050925_T_3600035297.jpg","Galbani Mozzarella maxi","2","11292910",
"20190103_083810_T_1600014222.jpg","Campina Vanillevla","6","11477922",
"20190103_082729_T_12016682.jpg","Heemskerk Mexicaanse roerbakgroenten","7","11299177",
"20190107_035855_T_12025611.jpg","Merkloos Shiitake","4","90006030",
"20190116_031332_T_1600045137.jpg","Picnic Margarine","3","12107781",
"20190107_072314_T_12002414.jpg","Heemskerk Bami/nasi groenten fijn","10","10075940",
"20190103_083512_T_1600028694.jpg","Vanmenno Bio desembol bruin","5","11431433",
"20190107_015840_T_3600013376.jpg","Paturain Kruidenkaas met knoflook","8","10768502",
"20190107_021046_T_3600004067.jpg","'t Slagershuys Runderreepjes","9","11294399",
"20190107_032913_T_3600023455.jpg","Merkloos Witte & rode druiven","10","11476582",
"20190107_072812_T_1600003598.jpg","De Kaaskamer Extra belegen kaas 48+","1","10761826",
"20190107_055319_T_12017320.jpg","Merkloos Blauwe bessen","10","11299303",
"20190107_014023_T_12008846.jpg","Merkloos Waspeen","10","90006095",
"20190107_022319_T_12018751.jpg","Heemskerk Bami/nasi groenten","3","12121965",
"20190107_070653_T_12025520.jpg","Merkloos Vastkokende aardappelen","7","10074777",
"20190108_044927_T_32023055.jpg","Merkloos Opbakaardappelen","10","11409534",
"20190107_065418_T_12006030.jpg","Heemskerk Courgettespaghetti","7","10075073",6
"20190107_071109_T_1600048727.jpg","Magioni Pizzabodem bloemkool","4","90006111",
"20190107_064942_T_3600022807.jpg","Picnic Filet americain naturel","9","10574091",
"20190107_062326_T_3600028470.jpg","Merkloos Conference peren","4","90006051",
"20190107_020334_T_3600010497.jpg","CêlaVita Oma's opbakaardappelen","1","11835899",2
"20190103_082930_T_32000679.jpg","Merkloos Botersla","8","10468098",
"20190116_045749_T_3600037945.jpg","Merkloos Baby avocado's eetrijp","0","11406433",""
"20190107_045011_T_1600035895.jpg","Arla Bio halfvolle melk","3","10768665",
"20190107_021236_T_3600011565.jpg","Campina Botergoud ongezouten roomboter","10","10005358",
"20190107_015536_T_1600057377.jpg","Merkloos Conference peren","8","90006051",
"20190107_025926_T_1600020558.jpg","Blue Band Koken, bakken & braden","3","10671398",
"20190107_031239_T_3600029466.jpg","Heemskerk Flammkuchen verspakket","7","11711360",
"20190107_022511_T_1600048579.jpg","Arla Skyr naturel","9","11383197",
"20190107_013723_T_12013133.jpg","Merkloos Aardappelpartjes met schil","9","10074399",
"20190107_064037_T_1600025628.jpg","De Kaaskamer Gorgonzola piccante 48+","1","10761869",
"20190107_053850_T_3600008021.jpg","Picnic Vanillevla","6","11479749",
"20190116_022240_T_1600023199.jpg","Heemskerk Maaltijdsalade kip ketjap","1","10075983",2
"20190107_043708_T_1600048844.jpg","Picnic Carpaccio","6","10742686",
"20190107_013322_T_3600005096.jpg","Salakis Griekse feta","4","11757199",
"20190107_062254_T_1600035796.jpg","Merkloos Platte peterselie","5","10074724",
"20190116_025248_T_1600010099.jpg","Melkunie Bolletjes vanillevla","8","10760988",
"20190107_042728_T_32000677.jpg","Merkloos Granny smith appels","10","90006006",
"20190116_023744_T_1600022580.jpg","Picnic Crèmepaté","2","10562429",3
"20190107_022044_T_32003598.jpg","'t Slagershuys Rundergehakt","5","10281918",
"20190107_020124_T_1600025426.jpg","Arla Bio halfvolle melk","7","11399883",
"20190116_021305_T_12022487.jpg","Heemskerk Snackwortel","1","11413895",2
"20190116_030340_T_1600051863.jpg","Heemskerk Verspakket orzo","1","12039049",2
"20190107_061120_T_3600061537.jpg","Merkloos Snijbonen","1","10697538",3
"20190107_015009_T_3600056194.jpg","Arla Bio volle yoghurt","10","11283360",
"20190116_022605_T_32002564.jpg","Heemskerk Rucolamelange","3","10075929",
"20190107_053851_T_12000637.jpg","Merkloos Elstar appels","7","11298357",
"20190107_013140_T_1600019434.jpg","Picnic Halfvolle melk","1","11470291",
"20190116_021228_T_3600046286.jpg","Picnic Verse tortellini tomaat, mozzarella & basilicum","1","11976069",
"20190103_080804_T_32016901.jpg","Merkloos Bio appels","3","90006135",
"20190107_030513_T_1600045817.jpg","Picnic Kipcervelaat","7","10254073",
"20190107_061503_T_3600008449.jpg","Campina Kwark vol","6","12050440",
"20190107_043346_T_12000023.jpg","Merkloos Stevige winterpeen","1","10462008",
"20190116_021516_T_1600051857.jpg","Merkloos Passievrucht","10","90006062",
"20190107_064133_T_12000014.jpg","Merkloos Bio prei","8","12121040",
"20190103_083301_T_12019140.jpg","Heemskerk Rucola","7","11791797",
"20190116_030950_T_1600050183.jpg","Picnic Bio karnemelk","2","11478359",4
"20190107_042240_T_3600013081.jpg","Heemskerk Verspakket orzo","9","12039049",
"20190107_063145_T_3600056637.jpg","'t Slagershuys Kipdijfilet in blokjes","7","11716289",
"20190103_082809_T_3600034362.jpg","Vanmenno Stokbroodjes wit","6","11431436",
"20190107_031111_T_3600027862.jpg","Trentin Ricotta","10","12083513",4
"20190107_050625_T_1600038993.jpg","'t Slagershuys Kipschnitzels krokant","5","11717064",
"20190116_024714_T_1600038298.jpg","Merkloos Opbakaardappelen","9","11409534",
"20190116_021912_T_3600005453.jpg","Paturain Kruidenkaas met knoflook","10","10768502",
"20190107_014533_T_32021923.jpg","Merkloos Bospeen fijn","1","10558218",0
"20190108_052207_T_1600028916.jpg","NonnaPepa Verse ravioli spinazie-ricotta","5","11408011",4
"20190107_021445_T_3600058995.jpg","Merkloos Krulpeterselie","4","10074784",
"20190107_040601_T_3600019820.jpg","Picnic Parmigiano reggiano 32+ flakes","5","11454962",
"20190107_072054_T_12002261.jpg","Heemskerk Babyspinazie gewassen","3","10075064",
"20190116_025143_T_3600053788.jpg","Heemskerk Spruiten geschoond","3","10075926",
"20190107_054326_T_32000699.jpg","'t Slagershuys Gemengd gehakt","10","10281999",
"20190103_083327_T_1600005171.jpg","Merkloos Bieslook","9","10074791",
"20190107_021042_T_1600048012.jpg","Heemskerk Bio rucola","7","11419521",6
"20190108_045419_T_1600055543.jpg","'t Slagershuys Kipdij ovenschotel teriyaki","8","11738318",
"20190107_035338_T_3600046588.jpg","Bonne Maman Cœur fondant au chocolat","4","11779343",
"20190116_031901_T_3600051146.jpg","Arla Bio volle melk","6","11405979",
"20190116_030057_T_3600001087.jpg","Merkloos Ijsbergsla","10","10467848",
"20190107_054943_T_1600061537.jpg","Merkloos Snijbonen","3","10697538",4
"20190103_083732_T_3600011389.jpg","Heemskerk Granaatappelpitjes","10","90006086",
"20190107_054551_T_3600005500.jpg","Heemskerk Pita gyros verspakket","5","11845936",
"20190107_033357_T_3600036839.jpg","Lindahls Magere kvarg vanille","6","11742647",
"20190107_014716_T_3600038564.jpg","Picnic Oude-kaassalade","3","11746265",
"20190103_081618_T_12000145.jpg","Merkloos Stamppot aardappelen","3","10074776",
"20190107_013359_T_3600056491.jpg","Vischmeesters Zalmfilets op huid","5","11540304",
"20190103_082047_T_32005988.jpg","Merkloos Elstar appels","3","11298357",
"20190107_070928_T_1600047641.jpg","Picnic Geraspte jonge kaas 48+","3","11696674",1
"20190107_045045_T_3600011835.jpg","Danone Hüttenkäse","2","10618858",
"20190116_025411_T_3600003831.jpg","Optimel Griekse stijl yoghurt kers 0% vet","5","10760450",
"20190107_072526_T_3600054298.jpg","Arla Bio kefir","1","10762360",2
"20190107_013932_T_3600020558.jpg","Blue Band Koken, bakken & braden","6","10671398",
"20190103_080636_T_3600047026.jpg","Heemskerk Verspakket pizza calzone","10","12053707",
"20190107_043310_T_1600026630.jpg","Zandvliet Hamreepjes","7","11404411",
"20190107_022428_T_1600023319.jpg","Merkloos Rode grapefruits","1","90006069",2
"20190107_014836_T_12016561.jpg","Heemskerk Veldsla","3","10075065",5
"20190107_013633_T_1600019362.jpg","Heemskerk Lasagne verspakket","5","11817746",
"20190107_063548_T_12008766.jpg","Merkloos Kruimige aardappelen","6","11296532",
"20190107_042432_T_12004612.jpg","Heemskerk Slamix","3","10075920",
"20190107_031900_T_1600036947.jpg","Merkloos Galia meloen","5","10467838",
"20190107_065540_T_1600047359.jpg","Merkloos Maïskolf","4","90006025",
"20190103_081250_T_12003236.jpg","Heemskerk Bami/nasi groenten","5","12121965",
"20190103_082705_T_32022619.jpg","Heemskerk Rucola","3","11791797",
"20190107_034303_T_3600025628.jpg","De Kaaskamer Gorgonzola piccante 48+","4","10761869",
"20190107_080036_T_3600014181.jpg","Heemskerk Snelle erwtensoep verspakket","7","11953821",
"20190107_062848_T_1600028270.jpg","Picnic Filet americain mager","7","11466283",
"20190107_070602_T_32000386.jpg","Heemskerk Broccoliroosjes","2","10074854",
"20190116_030257_T_1600057379.jpg","Merkloos Mini krieltjes","6","10074665",
"20190107_033859_T_12004560.jpg","Heemskerk Italiaanse roerbakgroenten","1","11390427",2
"20190107_063220_T_1600009835.jpg","'t Slagershuys Kipschnitzels","2","11718459",
"20190116_030449_T_32019358.jpg","Heemskerk Soep- en mosselgroenten","7","11791787",
"20190107_040634_T_32018410.jpg","Heemskerk Gebroken sperziebonen","9","10075923",
"20190107_071215_T_3600013493.jpg","Campina Halfvolle melk","2","10698378",4
"20190107_055810_T_3600037372.jpg","Optimel Drinkyoghurt mango passievrucht 0% vet","10","10768786",
"20190107_041100_T_32003343.jpg","Heemskerk Macaroni & spaghettigroenten","9","12121966",
"20190107_044710_T_3600045067.jpg","Garden Gourmet Vega Italiaanse carré","3","90000647",
"20190116_025537_T_3600053154.jpg","Picnic Jonge kaas 48+","5","11626002",
"20190107_022015_T_12000448.jpg","Heemskerk Spinazie gewassen","6","11425564",
"20190107_020319_T_12017903.jpg","Merkloos Stamppot aardappelen","5","10074776",
"20190107_061303_T_3600054567.jpg","Merkloos Tijm","8","10074787",
"20190107_061830_T_3600054948.jpg","Almhof Halfvolle fruityoghurt kers","3","10765755",
"20190107_062211_T_3600035890.jpg","Merkloos Romainesla","7","11300003",
"20190107_055354_T_1600014684.jpg","Heemskerk Verspakket kip Hawaii","8","12053706",
"20190107_014226_T_12021552.jpg","'t Slagershuys Gemengd gehakt","10","10281998",
"20190107_044531_T_3600040144.jpg","Picnic Cervelaat","4","12163632",
"20190107_044731_T_3600006514.jpg","Galbani Mozzarella geraspt","6","11720351",
"20190107_065012_T_3600054934.jpg","Superieur Runderrookvlees","3","10454992",
"20190107_070140_T_1600011540.jpg","Vischmeesters Maatjesharing met uitjes","7","10576928",
"20190107_043621_T_3600055209.jpg","Campina Yoghurt Griekse stijl 10% vet","2","11421515",
"20190116_025422_T_32003461.jpg","Merkloos Handsinaasappels","6","10561634",
"20190103_083045_T_12017304.jpg","Heemskerk Broccoliroosjes","7","10074854",
"20190116_020616_T_3600045394.jpg","Campina Griekse stijl 2% vet","7","11937366",
"20190107_042306_T_12008966.jpg","Merkloos Spruiten ongewassen","10","10550998",
"20190107_050701_T_32017897.jpg","Heemskerk Ijsbergsla","3","11299179",
"20190107_034411_T_3600011890.jpg","'t Slagershuys Bio kipschnitzels","1","11383021",2
"20190116_020314_T_1600047253.jpg","Merkloos Witte & rode druiven","4","11476582",
"20190107_013319_T_32000036.jpg","Heemskerk Andijvie fijn","6","10075937",
"20190103_083346_T_1600006602.jpg","Picnic Vers sap sinaasappel","9","12011701",
"20190107_080846_T_3600004803.jpg","Fresh & Easy Verspakket indiase butter chicken","5","12149890",
"20190107_020424_T_3600047249.jpg","Picnic Halfvolle vanilleyoghurt","10","11479759",
"20190107_020351_T_32022629.jpg","Heemskerk Zoete aardappelblokjes","10","11463862",
"20190107_014455_T_1600032331.jpg","Heemskerk Pita gyros verspakket","1","11845936",
"20190107_040611_T_1600033808.jpg","Picnic Verse tempeh","8","12076836",7
"20190107_062052_T_12003541.jpg","Merkloos Kastanjechampignons","9","11389526",7
"20190107_035926_T_12006338.jpg","Heemskerk Gesneden snijbonen","7","11791229",
"20190103_080452_T_12003857.jpg","Heemskerk Wortel julienne","1","10075055",
"20190107_041222_T_1600031378.jpg","Picnic Yoghurtdrink mango passievrucht 0% vet","2","11717087",
"20190116_031217_T_32021274.jpg","Merkloos Gala appels","4","10568707",
"20190107_044150_T_3600027862.jpg","Trentin Ricotta","8","12083513",2
"20190116_030329_T_3600029765.jpg","'t Slagershuys Kipfilet","5","11715939",
"20190107_035536_T_3600006495.jpg","Maza Muhammara pittige paprika","5","10761151",
"20190107_021613_T_3600029420.jpg","Valess Vega crispy chicken style burger","8","11720237",
"20190107_065957_T_1600032335.jpg","De Kaaskamer Overjarige kaas 48+","7","11410390",
"20190116_025311_T_32007896.jpg","Merkloos Bramen","5","90006074",
"20190107_071018_T_12022904.jpg","Heemskerk Gebroken sperziebonen","8","11790682",
"20190107_031655_T_1600054269.jpg","'t Slagershuys Bio rundergehakt mager","5","11294414",
"20190107_071440_T_1600009179.jpg","Zandvliet Scharrelkip in reepjes","8","11404412",
"20190107_044820_T_3600035890.jpg","Merkloos Romainesla","10","11300003",
"20190107_040548_T_1600000213.jpg","Merkloos Munt","10","10074799",
"20190108_050730_T_32000865.jpg","Heemskerk Andijvie fijn","7","10075936",
"20190107_033814_T_32000944.jpg","Merkloos Witte champignons gesneden","8","10558958",
"20190107_062025_T_12025557.jpg","Heemskerk Jonge bladsla met veldsla","9","11791931",
"20190107_015704_T_1600018320.jpg","Merkloos Bio citroenen","7","90006028",
"20190107_022516_T_32006223.jpg","Heemskerk Bloemkoolroosjes","4","10074851",
"20190107_041618_T_12021290.jpg","'t Slagershuys Rundergehakt","10","10281918",
"20190116_024605_T_1600024101.jpg","Picnic Geraspte jonge kaas 48+","7","11696674",
"20190108_044721_T_12021312.jpg","Heemskerk Groentemix wortel bloemkool broccoli","2","11463859",4
"20190107_035324_T_1600021740.jpg","Vischmeesters Zalmfilet zonder huid","5","11812234",
"20190107_072454_T_12018956.jpg","Heemskerk Boerenkool grof","5","10074852",
"20190107_072105_T_1600053581.jpg","Vanmenno Stokbroodjes wit","1","11431436",2
"20190107_013209_T_1600059598.jpg","'t Slagershuys Kip chipolataworstjes","3","11716297",
"20190107_071817_T_32003541.jpg","Merkloos Kastanjechampignons","6","11389526",
"20190107_071216_T_1600014906.jpg","'t Slagershuys Gehaktschnitzels Hongaarse stijl","7","11757843",
"20190103_080405_T_1600026252.jpg","Farmland Baguette kruidenboter","9","10657608",
"20190107_030559_T_1600045738.jpg","Picnic Ketjap tempeh","8","11752327",
"20190107_015213_T_1600047345.jpg","Eru Balans naturel","5","11840573",
"20190107_072408_T_3600013695.jpg","Valess Gouda kaasschnitzel","9","10272908",
"20190107_021221_T_3600013090.jpg","'t Slagershuys Premium hamburgers","2","11383042",
"20190107_015300_T_12004627.jpg","Heemskerk Ijsbergsla","5","10075995",
"20190116_030838_T_32019323.jpg","'t Slagershuys Gyros","4","11281693",
"20190107_020431_T_3600051315.jpg","CêlaVita Mini krieltjes","8","11835897",
"20190103_082251_T_1600022415.jpg","'t Slagershuys Franse scharrelkipfilets","8","11411526",
"20190107_051345_T_32019241.jpg","Heemskerk Groene salade rauwkost groentespread","8","10075905",
"20190107_032516_T_3600037428.jpg","No Fairytales Worteltortilla","1","11385494",
"20190116_021621_T_3600032737.jpg","Jan Roomboterbladerdeeg","1","11765450",
"20190107_050507_T_1600026135.jpg","NonnaPepa Verse tagliatelle spinazie","8","90003703",
"20190107_051607_T_3600005222.jpg","Heemskerk Verspakket gado gado","1","12039050",
"20190108_051253_T_12003533.jpg","Merkloos Blauwe bessen","5","90006058",4
"20190107_035454_T_1600039534.jpg","Merkloos Ananas","7","10467658",
"20190107_061800_T_32019129.jpg","'t Slagershuys Gemengd gehakt","6","11628521",
"20190107_013639_T_32000202.jpg","Heemskerk Taugé","1","11791498",2
"20190107_012910_T_3600020296.jpg","'t Slagershuys Runderhamburgers","10","10289938",
"20190116_032343_T_3600018980.jpg","Picnic Karnemelk","6","11478308",
"20190107_030107_T_12004560.jpg","Heemskerk Italiaanse roerbakgroenten","4","11390427",
"20190107_022039_T_12007965.jpg","Merkloos Conference peren","3","90006036",
"20190107_031132_T_1600054142.jpg","'t Slagershuys Kip schnitzels krokant","9","11717060",
"20190107_020456_T_3600033658.jpg","Picnic Volle yoghurt","10","11479744",
"20190116_022426_T_3600027028.jpg","Superieur Truffelsalami","4","11465527",
"20190116_024843_T_3600019574.jpg","Merkloos Bio bloemkool","9","90006021",
"20190107_032739_T_3600035796.jpg","Merkloos Platte peterselie","10","10074724",
"20190107_035508_T_12017383.jpg","Heemskerk Ijsbergsla melange","9","10075971",
"20190103_083130_T_12018365.jpg","Merkloos Aardappelschijfjes","7","10074660",
"20190107_025602_T_12008837.jpg","'t Slagershuys Gemengd gehakt","1","11628521",2
"20190107_012837_T_1600060703.jpg","Arla Halfvolle melk lactofree","5","10760273",
"20190116_025439_T_1600040164.jpg","'t Slagershuys Kipfilet in blokjes","6","11763456",5
"20190107_045448_T_1600015303.jpg","Merkloos Verse knoflook","9","90006027",
"20190103_082038_T_3600031934.jpg","Picnic Jong belegen 48+ stuk voordeel","5","12111632",
"20190107_031850_T_12021824.jpg","Merkloos Witte champignons","7","10074113",
"20190107_020016_T_3600047434.jpg","Yakult Original","10","10959778",
"20190107_041824_T_1600010950.jpg","Picnic Extra belegen kaas 48+","3","11627789",
"20190103_083439_T_3600056929.jpg","Optimel Drinkyoghurt mango passievrucht 0% vet","6","10768786",
"20190107_014254_T_1600055719.jpg","Almhof Yoghurt Griekse stijl 10% vet","7","10762299",
"20190108_051903_T_3600051804.jpg","Galbani Mozzarella","3","10760367",
"20190107_014234_T_3600051700.jpg","Merkloos Bio broccoli","7","90006029",
"20190103_081449_T_3600008608.jpg","Picnic Bio volle melk","4","11478299",3
"20190103_082702_T_12018028.jpg","Picnic Schouderham","3","10164913",
"20190107_025632_T_32008631.jpg","Heemskerk Rucola","1","11791797",2
"20190116_022926_T_1600051440.jpg","Arla Skyr vanille","5","11421440",
"20190107_022038_T_3600054298.jpg","Arla Bio kefir","10","10762360",
"20190103_082322_T_12002926.jpg","Heemskerk Spinazie gewassen","8","11425561",
"20190108_052735_T_3600020187.jpg","Merkloos Munt","6","11941316",
"20190116_022309_T_12016705.jpg","Heemskerk Courgettespaghetti","5","10075073",
"20190107_015429_T_1600007238.jpg","Picnic Yoghurtdrink framboos 0% vet","1","12131668",2
"20190107_020546_T_3600009245.jpg","Mamma Lucia Lasagne bolognese","10","11988342",
"20190107_022447_T_12003193.jpg","Heemskerk Rucolamelange","7","10075917",
"20190107_034402_T_32001054.jpg","Picnic Gelderse gekookte worst","6","12085189",
"20190108_050354_T_3600010325.jpg","De Kaaskamer Boerenkaas belegen 48+","7","10772972",
"20190107_021005_T_12002429.jpg","Heemskerk Couscous verspakket","1","10075034",
"20190107_070640_T_12018919.jpg","Merkloos Bio winterpeen","3","10691308",
"20190107_033823_T_3600023235.jpg","Heemskerk Gele wortel nasi","6","11706929",
"20190107_042127_T_1600053428.jpg","Picnic Halvarine","4","12107782",0
"20190108_051523_T_12003681.jpg","Merkloos Paddenstoelenmix","1","11389530",2
"20190107_081603_T_32025540.jpg","Heemskerk Veldsla","4","10075065",
"20190116_025356_T_1600061469.jpg","Heemskerk Traybake kriel paprika verspakket","5","11953822",
"20190107_022345_T_1600056491.jpg","Vischmeesters Zalmfilets op huid","1","11540304",
"20190107_013845_T_3600056956.jpg","'t Slagershuys Kipfilets","4","11716278",
"20190107_045936_T_1600047162.jpg","Vivera Vegan krokante kipschnitzel","9","11324294",
"20190107_034704_T_1600052345.jpg","Merkloos Winterpeen","7","11297596",
"20190107_012904_T_12019863.jpg","Merkloos Bio winterpeen","1","10691308",2
"20190107_020516_T_3600056465.jpg","Merkloos Jonagold appels","6","90006048",
"20190107_022419_T_1600033658.jpg","Picnic Volle yoghurt","9","11479744",
"20190108_050522_T_3600023230.jpg","Optimel Limited edition drinkyoghurt cheeky cherry","1","11813167",
"20190107_042305_T_3600032127.jpg","Picnic Bio volle yoghurt","3","11579126",
"20190107_065955_T_32000695.jpg","Heemskerk Beef teriyaki verspakket","4","11953816",
"20190107_022012_T_1600005703.jpg","'t Slagershuys Ribkarbonades","7","10286088",
"20190103_082100_T_3600001196.jpg","Elinas Yoghurt Griekse stijl aardbei","3","11400153",
"20190107_015311_T_3600025504.jpg","Abbot Kinney's Bio coco daily delight vanilla","8","11700347",
"20190107_070619_T_1600029577.jpg","Merkloos Bio Pastinaken","6","90006124",
"20190107_034341_T_1600028270.jpg","Picnic Filet americain mager","10","11466283",
"20190107_050547_T_1600038248.jpg","'t Slagershuys Bio kipdijfilets","8","11818113",
"20190116_025438_T_3600019633.jpg","'t Slagershuys Rundergehaktballetjes","4","11539784",
"20190107_013909_T_1600023801.jpg","Danerolles Croissants medium","10","10618868",8
"20190107_035145_T_1600009897.jpg","Picnic Vanillevla","3","11479754",
"20190107_062622_T_1600021533.jpg","Optimel Protein drinkyoghurt aardbei banaan","1","12050443",2
"20190116_022300_T_3600020445.jpg","Optimel Magere kwark appel kaneel 0% vet","4","11718785",
"20190108_044835_T_3600013080.jpg","Picnic Cottage cheese 20%","5","12049896",
"20190107_064536_T_1600045476.jpg","Arla Lactofree magere kwark","9","11383196",
"20190107_065913_T_1600059130.jpg","Picnic Achterham flinterdun","9","12090532",3
"20190107_055511_T_1600019330.jpg","'t Slagershuys Kipfilet in plakjes gerookt","3","11717068",
"20190107_070752_T_32018997.jpg","'t Slagershuys Wiener filetschnitzel","9","10286119",
"20190107_020818_T_3600050415.jpg","Merkloos Andijvie","6","90006116",
"20190107_062624_T_32021824.jpg","Merkloos Witte champignons","1","10074113",2
"20190107_073105_T_32003450.jpg","Merkloos Witte champignons gesneden","4","10558958",
"20190107_071443_T_12021702.jpg","Heemskerk Verse friet zoete aardappel","5","10075079",
"20190116_022746_T_3600003295.jpg","Merkloos Babymaïs","6","11454890",
"20190103_081422_T_32008653.jpg","Merkloos Handsinaasappels groot","8","11397146",
"20190107_064619_T_3600000483.jpg","Picnic Kipstukjes","9","12055863",8
"20190107_032613_T_3600054142.jpg","'t Slagershuys Kip schnitzels krokant","7","11717060",
"20190107_031520_T_3600053441.jpg","'t Slagershuys Kipgehakt","9","11716292",
"20190116_022848_T_1600048259.jpg","'t Slagershuys Chipolata","9","11281686",
"20190103_082318_T_12022715.jpg","Heemskerk Spinazie gewassen","3","11425567",
"20190107_043658_T_3600015303.jpg","Merkloos Verse knoflook","10","90006027",
"20190107_034854_T_1600018688.jpg","Heemskerk Flammkuchen verspakket","5","11711360",
"20190116_022539_T_3600005936.jpg","Heemskerk Goulashsoep verspakket 4 - 6 pers | 30 min","4","11578393",
"20190116_023052_T_1600056922.jpg","Weidenaar Beenham in honing-mosterdmarinade","9","11286803",
"20190107_035108_T_12018795.jpg","Merkloos Gala appels","8","10568707",
"20190107_064403_T_1600014019.jpg","Maaslander Jong belegen geitenkaas","3","10762066",
"20190107_065541_T_32019431.jpg","Merkloos Spitskool","3","10764124",
"20190107_031557_T_12025501.jpg","Heemskerk Taugé","7","11791501",
"20190107_065922_T_32022965.jpg","'t Slagershuys Pastagehakt","10","11628499",
"20190107_043250_T_3600060590.jpg","De Kaaskamer Bio belegen kaas 50+","9","11960974",
"20190107_013509_T_32019436.jpg","Heemskerk Mexicaanse roerbakgroenten","3","11299177",
"20190107_035606_T_3600004243.jpg","Inex Crème fraiche","1","12090522",3
"20190107_044146_T_1600055786.jpg","Smaaktalenten Quiche lorraine","3","11426954",
"20190107_033840_T_3600049384.jpg","Picnic Bio cranberries","6","11833550",5
"20190107_013048_T_12019210.jpg","Merkloos Granny smith appels","1","90006006",
"20190107_043730_T_1600051776.jpg","Picnic Bio volle melk","9","11478299",
"20190107_014715_T_1600005957.jpg","Campina Halfvolle melk","7","11291716",
"20190108_050518_T_12025637.jpg","'t Slagershuys Wiener filetschnitzel","7","10286119",
"20190107_065210_T_32018402.jpg","Heemskerk Hollandse roerbakgroenten","1","11281768",
"20190116_024436_T_3600033922.jpg","Optimel Drinkyoghurt aardbei kers 0% vet","8","10764931",
"20190116_024511_T_1600031507.jpg","Zuivelhoeve Boerenyoghurt muesli aardbei","8","10767518",
"20190116_024221_T_1600027314.jpg","Campina Vanillevla","9","11477922",
"20190116_022427_T_3600003985.jpg","Mijn melk Volle melk","9","12046025",
"20190107_063536_T_1600036398.jpg","Merkloos Cantaloupe meloen","1","10551548",2
"20190107_035746_T_1600030229.jpg","Picnic Parmigiano reggiano DOP 30+","8","11953790",17
"20190107_045031_T_12003018.jpg","Heemskerk Gebroken sperziebonen","9","11299400",
"20190103_083449_T_1600026057.jpg","Galbani Grana padano grattugiato grosso","9","11828813",10
"20190107_042028_T_12022865.jpg","Heemskerk Italiaanse plaatpizza verspakket","7","11429410",
"20190108_050951_T_3600055543.jpg","'t Slagershuys Kipdij ovenschotel teriyaki","7","11738318",
"20190103_081632_T_1600040104.jpg","Picnic Volle yoghurt","9","11479741",
"20190116_024834_T_1600056226.jpg","'t Slagershuys Kipdijfilet in reepjes","4","11760449",
"20190107_020808_T_3600039534.jpg","Merkloos Ananas","8","10467658",
"20190107_053439_T_3600051224.jpg","Heks'nkaas Roomkaas naturel","2","10760028",
"20190107_043243_T_32002187.jpg","Heemskerk Botersla","3","11463877",""
"20190107_080140_T_3600020445.jpg","'t Slagershuys Gerookte spekreepjes","1","11472986",2
"20190107_021555_T_1600033657.jpg","'t Slagershuys Kipfilet in blokjes","4","11716281",6
"20190107_041937_T_32025611.jpg","Merkloos Shiitake","3","90006030",
"20190107_071555_T_3600025641.jpg","Heemskerk Verspakket eenpansgerecht Mexicaanse stijl","7","12053705",
"20190107_021404_T_12020082.jpg","Heemskerk Spinazie gewassen","4","11425564",
"20190116_022346_T_3600006508.jpg","Merkloos Mini krieltjes met bistro kruiden","6","10074666",
"20190107_065336_T_1600018267.jpg","Heemskerk Nasi boemboe verspakket","7","11999042",
"20190107_072037_T_1600052916.jpg","Heemskerk Groentemix groene curry","10","12105120",
"20190103_081401_T_1600023927.jpg","Picnic Geraspte pittige kaas 48+","9","12121958",
"20190107_062328_T_32008720.jpg","Merkloos Perssinaasappels","1","10561650",
"20190107_072143_T_1600056893.jpg","'t Slagershuys Kipdijfilets","7","11716287",6
"20190116_021926_T_1600043872.jpg","Merkloos Gekleurde bospeen","5","90006096",
"20190107_042116_T_3600011140.jpg","Merkloos Mini watermeloen","1","10556948",
"20190103_083033_T_12021754.jpg","Merkloos Mini krieltjes","7","11296552",
"20190107_020247_T_32000171.jpg","Merkloos Fuji appels","7","11809852",
"20190116_024759_T_3600046305.jpg","Campina Dubbelvla choco-vanille","3","11937369",
"20190107_015535_T_12019436.jpg","Heemskerk Mexicaanse roerbakgroenten","1","11299177",2
"20190107_021448_T_12021869.jpg","Merkloos Witte champignons","6","10573498",
"20190107_014950_T_1600047913.jpg","'t Slagershuys Kipdijreepjes kebab","10","11800891",9
"20190103_082551_T_1600057216.jpg","'t Slagershuys Kipdrummets","3","11716304",
"20190107_062015_T_3600029635.jpg","Optimel Drinkyoghurt framboos 0% vet","8","10440028",
"20190107_071217_T_12021831.jpg","Merkloos Chinese kool","5","10466718",
"20190108_045004_T_3600002549.jpg","Garden Gourmet Falafel classic","4","11290917",
"20190107_022203_T_1600032311.jpg","'t Slagershuys Kipdijfilets","7","11716774",
"20190116_033208_T_1600049444.jpg","Merkloos Bio citroenen","9","90006028",
"20190107_030100_T_1600050166.jpg","Picnic Magere melk","6","11470259",
"20190103_083019_T_32002926.jpg","Heemskerk Spinazie gewassen","7","11425561",
"20190116_025719_T_1600009485.jpg","Melkunie Aardbei vla","9","10760994",
"20190107_030010_T_1600048727.jpg","Magioni Pizzabodem bloemkool","6","90006111",
"20190107_060806_T_32000171.jpg","Merkloos Fuji appels","1","11809852",
"20190107_015003_T_3600060500.jpg","'t Slagershuys Schouderkarbonades","8","10286008",
"20190116_030923_T_1600053268.jpg","Merkloos Shanghai paksoi","10","11746510",
"20190107_070727_T_32022687.jpg","Heemskerk Ovengroenten spruiten-pompoen","1","11390411",2
"20190107_032908_T_32016570.jpg","Merkloos Conference peren","7","90006036",
"20190116_025048_T_3600031507.jpg","Zuivelhoeve Boerenyoghurt muesli aardbei","6","10767518",
"20190103_082715_T_12022838.jpg","Heemskerk Geschrapte wortel","4","10075932",
"20190103_080525_T_1600035582.jpg","Heemskerk Gnocchi bolognese verspakket","4","11999044",
"20190107_080912_T_12023068.jpg","Merkloos Aardappelschijfjes","8","10074669",
"20190103_080441_T_1600007694.jpg","Merkloos Bimi","3","90006000",
"20190107_021931_T_32022846.jpg","Heemskerk Champignons roerbakgroenten","9","10074855",
"20190107_044401_T_3600001163.jpg","'t Slagershuys Kipfilets","10","11716773",
"20190107_063242_T_3600039465.jpg","Picnic Smoothie mango avocado kokosnoot","10","12011695",
"20190107_065217_T_32018682.jpg","Heemskerk Andijvie fijn","10","10075936",
"20190107_040804_T_3600014745.jpg","'t Slagershuys Kipfilets","7","11716277",
"20190107_081427_T_12022863.jpg","Merkloos Bio winterpeen","7","10691308",
"20190107_021002_T_32025613.jpg","Heemskerk Spinazie gewassen","1","11425561",2
"20190107_050324_T_1600055616.jpg","'t Slagershuys Kipdrummets gekruid","5","11716305",
"20190107_040842_T_12017362.jpg","Heemskerk Uienringen grof","7","10075927",
"20190107_043538_T_32019183.jpg","Merkloos Handsinaasappels groot","6","11397146",
"20190107_035615_T_3600000513.jpg","Arla Halfvolle melk lactofree","10","10760273",
"20190107_062238_T_3600054741.jpg","'t Slagershuys Filetlapjes à la minute","1","11323764",2
"20190107_062345_T_32020099.jpg","Merkloos Mini krieltjes","7","10074665",
"20190107_022104_T_1600019330.jpg","'t Slagershuys Kipfilet in plakjes gerookt","7","11717068",
"20190107_012721_T_3600046886.jpg","Picnic Grillworst","4","12161612",
"20190107_034407_T_3600029898.jpg","Heemskerk Gemengde salade","7","11817391",
"20190107_015034_T_32002136.jpg","Heemskerk Broccoliroosjes","9","10074854",
"20190107_070124_T_3600032710.jpg","Campina Magere yoghurt","7","11291718",
"20190107_020308_T_1600003731.jpg","'t Slagershuys Gebraden kipfilet-reepjes Caesar","4","11754401",
"20190108_045806_T_3600013033.jpg","Heemskerk Maaltijdsalade kip ketjap","8","10075983",
"20190103_083656_T_1600032144.jpg","'t Slagershuys Kipdijfilet shoarma","9","11716291",
"20190103_082202_T_3600005894.jpg","Picnic Magere yoghurt","3","11480037",4
"20190107_020718_T_12003299.jpg","Merkloos Oesterzwammen","7","10557048",
"20190107_043707_T_32004076.jpg","Picnic Schouderham","7","10164913",
"20190107_012931_T_1600047359.jpg","Merkloos Maïskolf","7","90006025",
"20190116_020240_T_3600020816.jpg","Picnic Yoghurtdrink mango passievrucht 0% vet","7","11717087",
"20190107_015713_T_32002197.jpg","'t Slagershuys Soepballetjes","10","10281938",
"20190107_015859_T_12006223.jpg","Heemskerk Bloemkoolroosjes","7","10074851",
"20190108_050640_T_32017046.jpg","Merkloos Vastkokende aardappelen","5","10074777",
"20190103_082319_T_1600033565.jpg","Bakkerij Gorka Verse turkse pizza vegan","1","12048468",0
"20190107_033655_T_32025540.jpg","Heemskerk Veldsla","10","10075065",
"20190107_071502_T_1600056902.jpg","Galbani Mozzarella","6","10760367",
"20190107_071428_T_3600020495.jpg","Picnic Vegan shoarma","4","12045996",
"20190103_081757_T_12002734.jpg","Merkloos Waspeen","3","90006095",
"20190116_023600_T_12000110.jpg","Heemskerk Rucolamelange","1","10075917",2
"20190107_062856_T_3600021178.jpg","Picnic Yoghurtdrink aardbei kers 0% vet","5","11717089",
"20190116_030225_T_1600030200.jpg","Elinas Yoghurt Griekse stijl naturel","1","11660631",2
"20190116_025940_T_3600038839.jpg","Superieur Ovengebakken kipfilet","10","10454991",
"20190103_083302_T_3600056934.jpg","Heemskerk Verspakket tandoori Indiase stijl","3","12053708",
"20190116_025006_T_3600015551.jpg","'t Slagershuys Kippenpoten","6","11716299",
"20190107_030720_T_1600019516.jpg","Alpro Soja nature zonder suikers","8","11421104",
"20190116_020519_T_1600052627.jpg","Dodoni Griekse yoghurt 10%","10","11719625",
"20190107_013316_T_3600011338.jpg","NonnaPepa Verse tagliatelle spinazie","3","90003703",
"20190107_064320_T_12019431.jpg","Merkloos Spitskool","4","10764124",
"20190107_012829_T_3600000651.jpg","'t Slagershuys Kipfilets","1","11716277",
"20190116_025525_T_3600040251.jpg","'t Slagershuys Bio runderchipolata","6","10291906",
"20190107_063118_T_3600028938.jpg","Optimel Yoghurt bosvruchten","2","12123147",
"20190108_044920_T_32002239.jpg","Merkloos Kruimige aardappelen","3","11296532",6
"20190116_030024_T_3600025900.jpg","Campina Halfvolle melk","4","11299669",
"20190116_031716_T_12003773.jpg","Heemskerk Italiaanse roerbakgroenten","2","10075909",6
"20190107_033313_T_3600055503.jpg","Ísey Skyr Gezouten karamel","5","11472328",
"20190107_013826_T_3600056465.jpg","Merkloos Jonagold appels","8","90006048",
"20190107_041548_T_32000472.jpg","Heemskerk Hutspotgroenten","9","10075970",
"20190107_072430_T_32003018.jpg","Heemskerk Gebroken sperziebonen","1","11299400",
"20190107_043607_T_3600049382.jpg","Campina Volle melk","1","10761173",2
"20190107_022519_T_32021869.jpg","Merkloos Witte champignons","5","10573498",
"20190103_082122_T_12018904.jpg","Merkloos Bramen","4","90006074",
"20190107_064517_T_3600008745.jpg","Heemskerk Saladebowl beet-it","3","11740939",
"20190107_054634_T_32020099.jpg","Merkloos Mini krieltjes","9","10074665",
"20190107_031214_T_1600052345.jpg","Merkloos Winterpeen","10","11297596",
"20190107_070219_T_3600017751.jpg","'t Slagershuys Bio shoarmareepjes","2","10291907",
"20190107_033759_T_1600026058.jpg","Campina Kwark vanille","8","12050450",
"20190116_024128_T_3600053458.jpg","Heemskerk Granaatappelpitjes","3","90006086",
"20190107_015237_T_12004515.jpg","Merkloos Mini krieltjes met bistro kruiden","6","11296537",3
"20190107_035354_T_32021385.jpg","Heemskerk Kropslamix","6","11419524",
"20190107_021645_T_12002197.jpg","'t Slagershuys Soepballetjes","9","10281938",
"20190108_045540_T_1600018052.jpg","Picnic Serranoham","4","11845170",2
"20190107_031331_T_1600055180.jpg","Kips Mini kipspiesjes","8","11809881",
"20190107_041534_T_12016570.jpg","Merkloos Conference peren","6","90006036",
"20190107_072523_T_3600032399.jpg","Picnic Magere melk","9","11470259",
"20190107_032559_T_12020067.jpg","Merkloos Bloedsinaasappels","5","11697305",
"20190107_041225_T_32021374.jpg","'t Slagershuys Gyros","9","11281693",
"20190107_020735_T_12003705.jpg","Merkloos Botersla","3","10468098",
"20190107_044608_T_12021543.jpg","'t Slagershuys Mini gehaktballetjes","2","11296472",4
"20190107_022503_T_1600056573.jpg","Merkloos Koriander","4","10074786",
"20190107_030017_T_3600025426.jpg","Arla Bio halfvolle melk","5","11399883",
"20190107_022042_T_1600049057.jpg","Heemskerk Mosterdsoep verspakket","1","11999043",
"20190116_023311_T_3600061469.jpg","Heemskerk Traybake kriel paprika verspakket","6","11953822",
"20190107_030127_T_3600055786.jpg","Smaaktalenten Quiche lorraine","4","11426954",
"20190107_073353_T_3600029635.jpg","Optimel Drinkyoghurt framboos 0% vet","5","10440028",
"20190107_035740_T_1600053425.jpg","Merkloos Bio little gem","5","10074677",
"20190103_083456_T_1600029564.jpg","Merkloos Bieslook","5","10074791",
"20190107_071603_T_32018956.jpg","Heemskerk Boerenkool grof","6","10074852",
"20190107_020828_T_32022517.jpg","Merkloos Tessa appels","9","11411346",
"20190107_030048_T_32002397.jpg","Heemskerk Boerenkool fijn","3","10074853",
"20190107_043101_T_32001054.jpg","Picnic Gelderse gekookte worst","4","12085189",
"20190107_063913_T_1600029003.jpg","'t Slagershuys Boomstammetjes","1","10289988",
"20190107_061544_T_3600004486.jpg","Heemskerk Ui fijngesnipperd","2","10075922",
"20190107_012747_T_3600035481.jpg","Picnic Balletjes","8","12045993",
"20190107_051449_T_32016274.jpg","Picnic Ontbijtspek","6","10164927",
"20190107_015345_T_1600023673.jpg","Merkloos Koriander","8","10074786",
"20190108_045424_T_3600036348.jpg","Picnic Bio volle yoghurt","10","11579126",
"20190107_071825_T_12023063.jpg","Merkloos Witte champignons","5","10074113",
"20190116_031243_T_1600049233.jpg","'t Slagershuys Kipschnitzels krokant","8","11717064",
"20190107_065407_T_3600018026.jpg","Eru Smeerkaas goudkuipje naturel","6","10761956",
"20190107_021003_T_1600029945.jpg","Valess Vega crispy sticks","3","11292684",
"20190107_043914_T_1600029185.jpg","Merkloos Radijs","9","10697318",
"20190116_020251_T_32022487.jpg","Heemskerk Snackwortel","3","11413895",
"20190107_061705_T_1600004067.jpg","'t Slagershuys Runderreepjes","1","11294399",2
"20190107_015837_T_3600014019.jpg","Maaslander Jong belegen geitenkaas","8","10762066",
"20190103_082708_T_3600021124.jpg","Picnic Trio aioli","2","11800322",
"20190116_021056_T_3600003963.jpg","Picnic Vega kaasschnitzel","8","11752201",
"20190107_014138_T_1600005096.jpg","Salakis Griekse feta","3","11757199",
"20190116_031449_T_1600003993.jpg","Heks'nkaas Roomkaas naturel","3","10760028",
"20190107_041053_T_3600036845.jpg","Vegetarische Slager Vega Spaanse worst","10","10252057",
"20190107_012957_T_12003846.jpg","'t Slagershuys Rundergehakt","10","10281919",
"20190107_013418_T_12004634.jpg","Heemskerk Babyspinazie gewassen","9","10075064",
"20190107_034425_T_1600009459.jpg","Picnic Yoghurt griekse stijl 2% vet","5","12077488",
"20190107_031437_T_32000023.jpg","Merkloos Stevige winterpeen","3","10462008",
"20190107_030722_T_3600038502.jpg","Garden Gourmet Zoete aardappel burger deluxe","6","11964058",
"20190107_013243_T_3600015509.jpg","Galbani Mozzarella maxi","9","11292910",
"20190107_055409_T_1600019516.jpg","Alpro Soja nature zonder suikers","6","11421104",
"20190116_031539_T_3600052627.jpg","Dodoni Griekse yoghurt 10%","3","11719625",6
"20190107_065619_T_3600005281.jpg","De Kroes Andijviestampot met rundergehaktbal","4","90000710",
"20190107_070058_T_12021626.jpg","Heemskerk Couscous verspakket","4","10075034",
"20190107_012716_T_1600049382.jpg","Campina Volle melk","5","10761173",
"20190107_055931_T_3600035895.jpg","Arla Bio halfvolle melk","1","10768665",2
"20190108_052310_T_1600010325.jpg","De Kaaskamer Boerenkaas belegen 48+","6","10772972",
"20190107_061215_T_1600010117.jpg","'t Slagershuys Kipfilet in blokjes","4","11763456",
"20190107_012908_T_32002187.jpg","Heemskerk Botersla","5","11463877",
"20190107_051335_T_1600025119.jpg","Picnic Gerookte kipfilet","1","10254911",2
"20190107_030930_T_3600033657.jpg","'t Slagershuys Kipfilet in blokjes","1","11716281",2
"20190107_063411_T_3600005787.jpg","Vanmenno Bio desembol bruin","7","11431433",
"20190107_034225_T_1600045738.jpg","Picnic Ketjap tempeh","5","11752327",
"20190103_082452_T_1600035565.jpg","Merkloos Bleekselderij","6","11741150",5
"20190107_062140_T_32017362.jpg","Heemskerk Uienringen grof","3","10075927",
"20190107_023628_T_12017981.jpg","Merkloos Jazz appels","9","90006128",
"20190107_014117_T_3600003686.jpg","Heemskerk Veldsla","8","11791925",
"20190103_081335_T_3600051487.jpg","Smaaktalenten Quiche spinazie","1","11426957",
"20190107_043617_T_3600014684.jpg","Heemskerk Verspakket kip Hawaii","9","12053706",
"20190116_023649_T_1600023457.jpg","'t Slagershuys Bio runderchipolata","4","10291906",
"20190107_015544_T_12006301.jpg","Heemskerk Geschrapte wortel","6","10075932",
"20190107_070301_T_1600044868.jpg","'t Slagershuys Bio rundergehakt","3","10291999",
"20190107_023550_T_3600007200.jpg","Almhof Choco met échte slagroom","7","11386888",
"20190107_031441_T_12006136.jpg","Merkloos Aardappelpartjes met schil","10","10074399",
"20190108_045858_T_3600023559.jpg","'t Slagershuys Kipfilets","6","11716278",
"20190107_043902_T_32008720.jpg","Merkloos Perssinaasappels","3","10561650",
"20190107_070217_T_1600011747.jpg","Merkloos Paksoi","10","10467868",
"20190103_082136_T_3600014113.jpg","Picnic Yoghurtdrink aardbei kers 0% vet","3","11717089",2
"20190108_045352_T_1600024663.jpg","Picnic Geraspte jong belegen kaas 48+","4","11695484",
"20190107_013846_T_3600032311.jpg","'t Slagershuys Kipdijfilets","10","11716774",
"20190107_030826_T_3600037756.jpg","Superieur Gegrilde beenham","10","10254954",
"20190103_082642_T_1600031198.jpg","'t Slagershuys Mini gehaktballetjes","5","11296472",
"20190107_044913_T_32018410.jpg","Heemskerk Gebroken sperziebonen","7","10075923",
"20190103_083228_T_32021329.jpg","Heemskerk Andijvie grof","5","10075935",
"20190116_020558_T_3600030409.jpg","Merkloos Aardbeien","6","10075943",
"20190107_040610_T_3600047845.jpg","Picnic Karnemelk","7","11478308",
"20190103_080444_T_32002340.jpg","Merkloos Pink Lady appels","1","90006052",2
"20190107_021955_T_3600014228.jpg","Picnic Vers sap sinaasappel","3","12011701",
"20190107_065135_T_1600027528.jpg","Ísey Skyr Air cherry chocolate","2","12042645",
"20190116_023149_T_12017214.jpg","Merkloos Kastanjechampignons gesneden","1","10074882",2
"20190107_053745_T_1600004704.jpg","Picnic Smeerkaas naturel 48+","10","11936994",
"20190116_030702_T_1600036618.jpg","Arla Halfvolle yoghurt lactofree","6","10761177",
"20190107_034236_T_3600035255.jpg","Arla Bio halfvolle yoghurt mild","4","10762125",
"20190103_083600_T_32006332.jpg","Heemskerk Rucola","4","10075051",
"20190108_044951_T_12000641.jpg","Merkloos Bio babyspinazie","1","11383720",2
"20190107_031720_T_3600039641.jpg","Picnic Magere kwark vanille","3","11612946",
"20190116_021023_T_1600025900.jpg","Campina Halfvolle melk","8","11299669",
"20190107_013020_T_32016984.jpg","Merkloos Aardappelschijfjes","5","10074660",
"20190107_065148_T_3600027852.jpg","Merkloos Baby avocado's eetrijp","9","11406433",
"20190107_055901_T_1600019820.jpg","Picnic Parmigiano reggiano 32+ flakes","1","11454962",2
"20190103_083330_T_32018341.jpg","Merkloos Kastanjechampignons","4","10558988",
"20190107_064458_T_1600056637.jpg","'t Slagershuys Kipdijfilet in blokjes","6","11716289",
"20190116_031732_T_12001085.jpg","Merkloos Pink Lady appels","9","90006052",4
"20190107_072953_T_32016918.jpg","Heemskerk Snackwortel","3","10075934",
"20190116_020113_T_3600039882.jpg","Smaaktalenten Quiche spinazie","8","11426957",
"20190107_055945_T_1600036947.jpg","Merkloos Galia meloen","1","10467838",
"20190107_043352_T_1600051627.jpg","Picnic Bak & braad vloeibaar culinair","8","11700489",
"20190108_052812_T_3600055747.jpg","Heemskerk Groentemix groene curry","8","12105120",
"20190116_023932_T_12019360.jpg","Heemskerk Thaise wokgroenten","8","10075054",
"20190116_023559_T_1600057306.jpg","Blue Band Halvarine","8","10989928",
"20190107_063820_T_3600036737.jpg","Picnic Margarine","9","12107781",8
"20190107_050449_T_32002515.jpg","Merkloos Bio kastanjechampignons","7","90006007",6
"20190103_083839_T_1600007087.jpg","Melkunie Bolletjes vanillevla","1","10760988",2
"20190107_044609_T_1600036845.jpg","Vegetarische Slager Vega Spaanse worst","9","10252057",
"20190107_041309_T_1600049158.jpg","Vegetarische Slager Vega boterhamworst","4","10241849",
"20190107_070126_T_1600021178.jpg","Picnic Yoghurtdrink aardbei kers 0% vet","2","11717089",
"20190107_030353_T_1600023801.jpg","Danerolles Croissants medium","1","10618868",
"20190107_041746_T_32017349.jpg","Merkloos Bospeen fijn","3","10558218",2
"20190107_033554_T_3600053358.jpg","Heemskerk Maaltijdsalade kip bacon guacamole","1","11425372",
"20190107_032727_T_3600029885.jpg","Johma Gevuld eitje salade","8","11957985",
"20190116_021121_T_3600019616.jpg","Merkloos Citroenen","7","10074682",
"20190103_080524_T_3600021784.jpg","Merkloos Citroenen","10","10074682",
"20190107_035401_T_1600049312.jpg","Picnic Magere aardbeienyoghurt","8","11479728",
"20190107_062105_T_32022743.jpg","'t Slagershuys Slavinken","7","10289008",
"20190103_082849_T_32008723.jpg","'t Slagershuys Rundergehakt","4","11296437",
"20190107_065627_T_1600061689.jpg","'t Slagershuys Kipdijfilet shoarma","6","11716291",
"20190107_033346_T_3600060610.jpg","Picnic Vanillevla","1","11479749",
"20190107_055401_T_1600014674.jpg","Merkloos Avocado's","10","11299275",
"20190107_050614_T_12002617.jpg","'t Slagershuys Rundergehakt","5","11296437",
"20190107_013958_T_1600027980.jpg","Brabantsche Brabantsche worstenbroodjes","5","90001912",
"20190107_032337_T_1600061342.jpg","Merkloos Rozemarijn","3","10074790",2
20190107_020516_T_3600056465.jpg,Merkloos Jonagold appels,6,90006048,
20190103_082551_T_1600057216.jpg,t Slagershuys Kipdrummets,3,11716304
